,Loan_ID,Gender,Married,Dependents,Education,Self_Employed,ApplicantIncome,CoapplicantIncome,LoanAmount,Loan_Amount_Term,Credit_History,Property_Area,Loan_Status
1,LP001003,Male,Yes,1,Graduate,No,4583,1508,128,360,1,Rural,N
2,LP001005,Male,Yes,0,Graduate,Yes,3000,0,66,360,1,Urban,Y
3,LP001006,Male,Yes,0,Not Graduate,No,2583,2358,120,360,1,Urban,Y
4,LP001008,Male,No,0,Graduate,No,6000,0,141,360,1,Urban,Y
5,LP001011,Male,Yes,2,Graduate,Yes,5417,4196,267,360,1,Urban,Y
6,LP001013,Male,Yes,0,Not Graduate,No,2333,1516,95,360,1,Urban,Y
7,LP001014,Male,Yes,3,Graduate,No,3036,2504,158,360,0,Semiurban,N
8,LP001018,Male,Yes,2,Graduate,No,4006,1526,168,360,1,Urban,Y
9,LP001020,Male,Yes,1,Graduate,No,12841,10968,349,360,1,Semiurban,N
10,LP001024,Male,Yes,2,Graduate,No,3200,700,70,360,1,Urban,Y
12,LP001028,Male,Yes,2,Graduate,No,3073,8106,200,360,1,Urban,Y
13,LP001029,Male,No,0,Graduate,No,1853,2840,114,360,1,Rural,N
14,LP001030,Male,Yes,2,Graduate,No,1299,1086,17,120,1,Urban,Y
15,LP001032,Male,No,0,Graduate,No,4950,0,125,360,1,Urban,Y
17,LP001036,Female,No,0,Graduate,No,3510,0,76,360,0,Urban,N
18,LP001038,Male,Yes,0,Not Graduate,No,4887,0,133,360,1,Rural,N
20,LP001043,Male,Yes,0,Not Graduate,No,7660,0,104,360,0,Urban,N
21,LP001046,Male,Yes,1,Graduate,No,5955,5625,315,360,1,Urban,Y
22,LP001047,Male,Yes,0,Not Graduate,No,2600,1911,116,360,0,Semiurban,N
25,LP001066,Male,Yes,0,Graduate,Yes,9560,0,191,360,1,Semiurban,Y
26,LP001068,Male,Yes,0,Graduate,No,2799,2253,122,360,1,Semiurban,Y
27,LP001073,Male,Yes,2,Not Graduate,No,4226,1040,110,360,1,Urban,Y
28,LP001086,Male,No,0,Not Graduate,No,1442,0,35,360,1,Urban,N
31,LP001095,Male,No,0,Graduate,No,3167,0,74,360,1,Urban,N
32,LP001097,Male,No,1,Graduate,Yes,4692,0,106,360,1,Rural,N
33,LP001098,Male,Yes,0,Graduate,No,3500,1667,114,360,1,Semiurban,Y
34,LP001100,Male,No,3,Graduate,No,12500,3000,320,360,1,Rural,N
37,LP001112,Female,Yes,0,Graduate,No,3667,1459,144,360,1,Semiurban,Y
38,LP001114,Male,No,0,Graduate,No,4166,7210,184,360,1,Urban,Y
39,LP001116,Male,No,0,Not Graduate,No,3748,1668,110,360,1,Semiurban,Y
40,LP001119,Male,No,0,Graduate,No,3600,0,80,360,1,Urban,N
41,LP001120,Male,No,0,Graduate,No,1800,1213,47,360,1,Urban,Y
43,LP001131,Male,Yes,0,Graduate,No,3941,2336,134,360,1,Semiurban,Y
46,LP001138,Male,Yes,1,Graduate,No,5649,0,44,360,1,Urban,Y
47,LP001144,Male,Yes,0,Graduate,No,5821,0,144,360,1,Urban,Y
48,LP001146,Female,Yes,0,Graduate,No,2645,3440,120,360,0,Urban,N
49,LP001151,Female,No,0,Graduate,No,4000,2275,144,360,1,Semiurban,Y
50,LP001155,Female,Yes,0,Not Graduate,No,1928,1644,100,360,1,Semiurban,Y
51,LP001157,Female,No,0,Graduate,No,3086,0,120,360,1,Semiurban,Y
52,LP001164,Female,No,0,Graduate,No,4230,0,112,360,1,Semiurban,N
53,LP001179,Male,Yes,2,Graduate,No,4616,0,134,360,1,Urban,N
54,LP001186,Female,Yes,1,Graduate,Yes,11500,0,286,360,0,Urban,N
55,LP001194,Male,Yes,2,Graduate,No,2708,1167,97,360,1,Semiurban,Y
56,LP001195,Male,Yes,0,Graduate,No,2132,1591,96,360,1,Semiurban,Y
57,LP001197,Male,Yes,0,Graduate,No,3366,2200,135,360,1,Rural,N
58,LP001198,Male,Yes,1,Graduate,No,8080,2250,180,360,1,Urban,Y
59,LP001199,Male,Yes,2,Not Graduate,No,3357,2859,144,360,1,Urban,Y
60,LP001205,Male,Yes,0,Graduate,No,2500,3796,120,360,1,Urban,Y
61,LP001206,Male,Yes,3,Graduate,No,3029,0,99,360,1,Urban,Y
62,LP001207,Male,Yes,0,Not Graduate,Yes,2609,3449,165,180,0,Rural,N
64,LP001222,Female,No,0,Graduate,No,4166,0,116,360,0,Semiurban,N
65,LP001225,Male,Yes,0,Graduate,No,5726,4595,258,360,1,Semiurban,N
66,LP001228,Male,No,0,Not Graduate,No,3200,2254,126,180,0,Urban,N
67,LP001233,Male,Yes,1,Graduate,No,10750,0,312,360,1,Urban,Y
68,LP001238,Male,Yes,3,Not Graduate,Yes,7100,0,125,60,1,Urban,Y
69,LP001241,Female,No,0,Graduate,No,4300,0,136,360,0,Semiurban,N
70,LP001243,Male,Yes,0,Graduate,No,3208,3066,172,360,1,Urban,Y
71,LP001245,Male,Yes,2,Not Graduate,Yes,1875,1875,97,360,1,Semiurban,Y
72,LP001248,Male,No,0,Graduate,No,3500,0,81,300,1,Semiurban,Y
74,LP001253,Male,Yes,3,Graduate,Yes,5266,1774,187,360,1,Semiurban,Y
75,LP001255,Male,No,0,Graduate,No,3750,0,113,480,1,Urban,N
76,LP001256,Male,No,0,Graduate,No,3750,4750,176,360,1,Urban,N
77,LP001259,Male,Yes,1,Graduate,Yes,1000,3022,110,360,1,Urban,N
78,LP001263,Male,Yes,3,Graduate,No,3167,4000,180,300,0,Semiurban,N
80,LP001265,Female,No,0,Graduate,No,3846,0,111,360,1,Semiurban,Y
82,LP001267,Female,Yes,2,Graduate,No,1378,1881,167,360,1,Urban,N
84,LP001275,Male,Yes,1,Graduate,No,3988,0,50,240,1,Urban,Y
85,LP001279,Male,No,0,Graduate,No,2366,2531,136,360,1,Semiurban,Y
87,LP001282,Male,Yes,0,Graduate,No,2500,2118,104,360,1,Semiurban,Y
88,LP001289,Male,No,0,Graduate,No,8566,0,210,360,1,Urban,Y
89,LP001310,Male,Yes,0,Graduate,No,5695,4167,175,360,1,Semiurban,Y
90,LP001316,Male,Yes,0,Graduate,No,2958,2900,131,360,1,Semiurban,Y
91,LP001318,Male,Yes,2,Graduate,No,6250,5654,188,180,1,Semiurban,Y
92,LP001319,Male,Yes,2,Not Graduate,No,3273,1820,81,360,1,Urban,Y
93,LP001322,Male,No,0,Graduate,No,4133,0,122,360,1,Semiurban,Y
94,LP001325,Male,No,0,Not Graduate,No,3620,0,25,120,1,Semiurban,Y
96,LP001327,Female,Yes,0,Graduate,No,2484,2302,137,360,1,Semiurban,Y
97,LP001333,Male,Yes,0,Graduate,No,1977,997,50,360,1,Semiurban,Y
98,LP001334,Male,Yes,0,Not Graduate,No,4188,0,115,180,1,Semiurban,Y
99,LP001343,Male,Yes,0,Graduate,No,1759,3541,131,360,1,Semiurban,Y
100,LP001345,Male,Yes,2,Not Graduate,No,4288,3263,133,180,1,Urban,Y
101,LP001349,Male,No,0,Graduate,No,4843,3806,151,360,1,Semiurban,Y
105,LP001367,Male,Yes,1,Graduate,No,3052,1030,100,360,1,Urban,Y
106,LP001369,Male,Yes,2,Graduate,No,11417,1126,225,360,1,Urban,Y
108,LP001379,Male,Yes,2,Graduate,No,3800,3600,216,360,0,Urban,N
109,LP001384,Male,Yes,3,Not Graduate,No,2071,754,94,480,1,Semiurban,Y
110,LP001385,Male,No,0,Graduate,No,5316,0,136,360,1,Urban,Y
115,LP001401,Male,Yes,1,Graduate,No,14583,0,185,180,1,Rural,Y
116,LP001404,Female,Yes,0,Graduate,No,3167,2283,154,360,1,Semiurban,Y
118,LP001421,Male,Yes,0,Graduate,No,5568,2142,175,360,1,Rural,N
119,LP001422,Female,No,0,Graduate,No,10408,0,259,360,1,Urban,Y
121,LP001430,Female,No,0,Graduate,No,4166,0,44,360,1,Semiurban,Y
122,LP001431,Female,No,0,Graduate,No,2137,8980,137,360,0,Semiurban,Y
123,LP001432,Male,Yes,2,Graduate,No,2957,0,81,360,1,Semiurban,Y
124,LP001439,Male,Yes,0,Not Graduate,No,4300,2014,194,360,1,Rural,Y
128,LP001451,Male,Yes,1,Graduate,Yes,10513,3850,160,180,0,Urban,N
131,LP001473,Male,No,0,Graduate,No,2014,1929,74,360,1,Urban,Y
132,LP001478,Male,No,0,Graduate,No,2718,0,70,360,1,Semiurban,Y
133,LP001482,Male,Yes,0,Graduate,Yes,3459,0,25,120,1,Semiurban,Y
134,LP001487,Male,No,0,Graduate,No,4895,0,102,360,1,Semiurban,Y
135,LP001488,Male,Yes,3,Graduate,No,4000,7750,290,360,1,Semiurban,N
136,LP001489,Female,Yes,0,Graduate,No,4583,0,84,360,1,Rural,N
137,LP001491,Male,Yes,2,Graduate,Yes,3316,3500,88,360,1,Urban,Y
138,LP001492,Male,No,0,Graduate,No,14999,0,242,360,0,Semiurban,N
139,LP001493,Male,Yes,2,Not Graduate,No,4200,1430,129,360,1,Rural,N
140,LP001497,Male,Yes,2,Graduate,No,5042,2083,185,360,1,Rural,N
141,LP001498,Male,No,0,Graduate,No,5417,0,168,360,1,Urban,Y
142,LP001504,Male,No,0,Graduate,Yes,6950,0,175,180,1,Semiurban,Y
143,LP001507,Male,Yes,0,Graduate,No,2698,2034,122,360,1,Semiurban,Y
144,LP001508,Male,Yes,2,Graduate,No,11757,0,187,180,1,Urban,Y
145,LP001514,Female,Yes,0,Graduate,No,2330,4486,100,360,1,Semiurban,Y
146,LP001516,Female,Yes,2,Graduate,No,14866,0,70,360,1,Urban,Y
147,LP001518,Male,Yes,1,Graduate,No,1538,1425,30,360,1,Urban,Y
148,LP001519,Female,No,0,Graduate,No,10000,1666,225,360,1,Rural,N
149,LP001520,Male,Yes,0,Graduate,No,4860,830,125,360,1,Semiurban,Y
150,LP001528,Male,No,0,Graduate,No,6277,0,118,360,0,Rural,N
151,LP001529,Male,Yes,0,Graduate,Yes,2577,3750,152,360,1,Rural,Y
152,LP001531,Male,No,0,Graduate,No,9166,0,244,360,1,Urban,N
153,LP001532,Male,Yes,2,Not Graduate,No,2281,0,113,360,1,Rural,N
154,LP001535,Male,No,0,Graduate,No,3254,0,50,360,1,Urban,Y
155,LP001536,Male,Yes,3,Graduate,No,39999,0,600,180,0,Semiurban,Y
157,LP001543,Male,Yes,1,Graduate,No,9538,0,187,360,1,Urban,Y
159,LP001552,Male,Yes,0,Graduate,No,4583,5625,255,360,1,Semiurban,Y
160,LP001560,Male,Yes,0,Not Graduate,No,1863,1041,98,360,1,Semiurban,Y
161,LP001562,Male,Yes,0,Graduate,No,7933,0,275,360,1,Urban,N
162,LP001565,Male,Yes,1,Graduate,No,3089,1280,121,360,0,Semiurban,N
163,LP001570,Male,Yes,2,Graduate,No,4167,1447,158,360,1,Rural,Y
164,LP001572,Male,Yes,0,Graduate,No,9323,0,75,180,1,Urban,Y
166,LP001577,Female,Yes,0,Graduate,No,4583,0,112,360,1,Rural,N
167,LP001578,Male,Yes,0,Graduate,No,2439,3333,129,360,1,Rural,Y
168,LP001579,Male,No,0,Graduate,No,2237,0,63,480,0,Semiurban,N
169,LP001580,Male,Yes,2,Graduate,No,8000,0,200,360,1,Semiurban,Y
172,LP001586,Male,Yes,3,Not Graduate,No,3522,0,81,180,1,Rural,N
173,LP001594,Male,Yes,0,Graduate,No,5708,5625,187,360,1,Semiurban,Y
174,LP001603,Male,Yes,0,Not Graduate,Yes,4344,736,87,360,1,Semiurban,N
175,LP001606,Male,Yes,0,Graduate,No,3497,1964,116,360,1,Rural,Y
176,LP001608,Male,Yes,2,Graduate,No,2045,1619,101,360,1,Rural,Y
177,LP001610,Male,Yes,3,Graduate,No,5516,11300,495,360,0,Semiurban,N
178,LP001616,Male,Yes,1,Graduate,No,3750,0,116,360,1,Semiurban,Y
179,LP001630,Male,No,0,Not Graduate,No,2333,1451,102,480,0,Urban,N
180,LP001633,Male,Yes,1,Graduate,No,6400,7250,180,360,0,Urban,N
182,LP001636,Male,Yes,0,Graduate,No,4600,0,73,180,1,Semiurban,Y
183,LP001637,Male,Yes,1,Graduate,No,33846,0,260,360,1,Semiurban,N
184,LP001639,Female,Yes,0,Graduate,No,3625,0,108,360,1,Semiurban,Y
185,LP001640,Male,Yes,0,Graduate,Yes,39147,4750,120,360,1,Semiurban,Y
186,LP001641,Male,Yes,1,Graduate,Yes,2178,0,66,300,0,Rural,N
189,LP001647,Male,Yes,0,Graduate,No,9328,0,188,180,1,Rural,Y
190,LP001653,Male,No,0,Not Graduate,No,4885,0,48,360,1,Rural,Y
191,LP001656,Male,No,0,Graduate,No,12000,0,164,360,1,Semiurban,N
192,LP001657,Male,Yes,0,Not Graduate,No,6033,0,160,360,1,Urban,N
193,LP001658,Male,No,0,Graduate,No,3858,0,76,360,1,Semiurban,Y
194,LP001664,Male,No,0,Graduate,No,4191,0,120,360,1,Rural,Y
195,LP001665,Male,Yes,1,Graduate,No,3125,2583,170,360,1,Semiurban,N
196,LP001666,Male,No,0,Graduate,No,8333,3750,187,360,1,Rural,Y
199,LP001673,Male,No,0,Graduate,Yes,11000,0,83,360,1,Urban,N
200,LP001674,Male,Yes,1,Not Graduate,No,2600,2500,90,360,1,Semiurban,Y
201,LP001677,Male,No,2,Graduate,No,4923,0,166,360,0,Semiurban,Y
203,LP001688,Male,Yes,1,Not Graduate,No,3500,1083,135,360,1,Urban,Y
204,LP001691,Male,Yes,2,Not Graduate,No,3917,0,124,360,1,Semiurban,Y
205,LP001692,Female,No,0,Not Graduate,No,4408,0,120,360,1,Semiurban,Y
206,LP001693,Female,No,0,Graduate,No,3244,0,80,360,1,Urban,Y
207,LP001698,Male,No,0,Not Graduate,No,3975,2531,55,360,1,Rural,Y
208,LP001699,Male,No,0,Graduate,No,2479,0,59,360,1,Urban,Y
209,LP001702,Male,No,0,Graduate,No,3418,0,127,360,1,Semiurban,N
210,LP001708,Female,No,0,Graduate,No,10000,0,214,360,1,Semiurban,N
211,LP001711,Male,Yes,3,Graduate,No,3430,1250,128,360,0,Semiurban,N
212,LP001713,Male,Yes,1,Graduate,Yes,7787,0,240,360,1,Urban,Y
213,LP001715,Male,Yes,3,Not Graduate,Yes,5703,0,130,360,1,Rural,Y
214,LP001716,Male,Yes,0,Graduate,No,3173,3021,137,360,1,Urban,Y
215,LP001720,Male,Yes,3,Not Graduate,No,3850,983,100,360,1,Semiurban,Y
216,LP001722,Male,Yes,0,Graduate,No,150,1800,135,360,1,Rural,N
217,LP001726,Male,Yes,0,Graduate,No,3727,1775,131,360,1,Semiurban,Y
220,LP001736,Male,Yes,0,Graduate,No,2221,0,60,360,0,Urban,N
221,LP001743,Male,Yes,2,Graduate,No,4009,1717,116,360,1,Semiurban,Y
222,LP001744,Male,No,0,Graduate,No,2971,2791,144,360,1,Semiurban,Y
224,LP001750,Male,Yes,0,Graduate,No,6250,0,128,360,1,Semiurban,Y
225,LP001751,Male,Yes,0,Graduate,No,3250,0,170,360,1,Rural,N
227,LP001758,Male,Yes,2,Graduate,No,6250,1695,210,360,1,Semiurban,Y
229,LP001761,Male,No,0,Graduate,Yes,6400,0,200,360,1,Rural,Y
230,LP001765,Male,Yes,1,Graduate,No,2491,2054,104,360,1,Semiurban,Y
233,LP001776,Female,No,0,Graduate,No,8333,0,280,360,1,Semiurban,Y
234,LP001778,Male,Yes,1,Graduate,No,3155,1779,140,360,1,Semiurban,Y
235,LP001784,Male,Yes,1,Graduate,No,5500,1260,170,360,1,Rural,Y
238,LP001790,Female,No,1,Graduate,No,3812,0,112,360,1,Rural,Y
239,LP001792,Male,Yes,1,Graduate,No,3315,0,96,360,1,Semiurban,Y
240,LP001798,Male,Yes,2,Graduate,No,5819,5000,120,360,1,Rural,Y
241,LP001800,Male,Yes,1,Not Graduate,No,2510,1983,140,180,1,Urban,N
242,LP001806,Male,No,0,Graduate,No,2965,5701,155,60,1,Urban,Y
243,LP001807,Male,Yes,2,Graduate,Yes,6250,1300,108,360,1,Rural,Y
244,LP001811,Male,Yes,0,Not Graduate,No,3406,4417,123,360,1,Semiurban,Y
245,LP001813,Male,No,0,Graduate,Yes,6050,4333,120,180,1,Urban,N
246,LP001814,Male,Yes,2,Graduate,No,9703,0,112,360,1,Urban,Y
247,LP001819,Male,Yes,1,Not Graduate,No,6608,0,137,180,1,Urban,Y
248,LP001824,Male,Yes,1,Graduate,No,2882,1843,123,480,1,Semiurban,Y
249,LP001825,Male,Yes,0,Graduate,No,1809,1868,90,360,1,Urban,Y
250,LP001835,Male,Yes,0,Not Graduate,No,1668,3890,201,360,0,Semiurban,N
251,LP001836,Female,No,2,Graduate,No,3427,0,138,360,1,Urban,N
252,LP001841,Male,No,0,Not Graduate,Yes,2583,2167,104,360,1,Rural,Y
253,LP001843,Male,Yes,1,Not Graduate,No,2661,7101,279,180,1,Semiurban,Y
254,LP001844,Male,No,0,Graduate,Yes,16250,0,192,360,0,Urban,N
255,LP001846,Female,No,3,Graduate,No,3083,0,255,360,1,Rural,Y
256,LP001849,Male,No,0,Not Graduate,No,6045,0,115,360,0,Rural,N
257,LP001854,Male,Yes,3,Graduate,No,5250,0,94,360,1,Urban,N
258,LP001859,Male,Yes,0,Graduate,No,14683,2100,304,360,1,Rural,N
261,LP001868,Male,No,0,Graduate,No,2060,2209,134,360,1,Semiurban,Y
262,LP001870,Female,No,1,Graduate,No,3481,0,155,36,1,Semiurban,N
263,LP001871,Female,No,0,Graduate,No,7200,0,120,360,1,Rural,Y
264,LP001872,Male,No,0,Graduate,Yes,5166,0,128,360,1,Semiurban,Y
265,LP001875,Male,No,0,Graduate,No,4095,3447,151,360,1,Rural,Y
266,LP001877,Male,Yes,2,Graduate,No,4708,1387,150,360,1,Semiurban,Y
267,LP001882,Male,Yes,3,Graduate,No,4333,1811,160,360,0,Urban,Y
269,LP001884,Female,No,1,Graduate,No,2876,1560,90,360,1,Urban,Y
270,LP001888,Female,No,0,Graduate,No,3237,0,30,360,1,Urban,Y
271,LP001891,Male,Yes,0,Graduate,No,11146,0,136,360,1,Urban,N
272,LP001892,Male,No,0,Graduate,No,2833,1857,126,360,1,Rural,N
273,LP001894,Male,Yes,0,Graduate,No,2620,2223,150,360,1,Semiurban,N
274,LP001896,Male,Yes,2,Graduate,No,3900,0,90,360,1,Semiurban,N
275,LP001900,Male,Yes,1,Graduate,No,2750,1842,115,360,1,Semiurban,N
276,LP001903,Male,Yes,0,Graduate,No,3993,3274,207,360,1,Semiurban,N
277,LP001904,Male,Yes,0,Graduate,No,3103,1300,80,360,1,Urban,N
278,LP001907,Male,Yes,0,Graduate,No,14583,0,436,360,1,Semiurban,N
280,LP001910,Male,No,1,Not Graduate,Yes,4053,2426,158,360,0,Urban,N
281,LP001914,Male,Yes,0,Graduate,No,3927,800,112,360,1,Semiurban,N
282,LP001915,Male,Yes,2,Graduate,No,2301,985.7999878,78,180,1,Urban,N
283,LP001917,Female,No,0,Graduate,No,1811,1666,54,360,1,Urban,N
285,LP001924,Male,No,0,Graduate,No,3158,3053,89,360,1,Rural,N
286,LP001925,Female,No,0,Graduate,Yes,2600,1717,99,300,1,Semiurban,N
287,LP001926,Male,Yes,0,Graduate,No,3704,2000,120,360,1,Rural,Y
288,LP001931,Female,No,0,Graduate,No,4124,0,115,360,1,Semiurban,Y
289,LP001935,Male,No,0,Graduate,No,9508,0,187,360,1,Rural,Y
290,LP001936,Male,Yes,0,Graduate,No,3075,2416,139,360,1,Rural,Y
291,LP001938,Male,Yes,2,Graduate,No,4400,0,127,360,0,Semiurban,N
292,LP001940,Male,Yes,2,Graduate,No,3153,1560,134,360,1,Urban,Y
294,LP001947,Male,Yes,0,Graduate,No,2383,3334,172,360,1,Semiurban,Y
296,LP001953,Male,Yes,1,Graduate,No,6875,0,200,360,1,Semiurban,Y
297,LP001954,Female,Yes,1,Graduate,No,4666,0,135,360,1,Urban,Y
298,LP001955,Female,No,0,Graduate,No,5000,2541,151,480,1,Rural,N
299,LP001963,Male,Yes,1,Graduate,No,2014,2925,113,360,1,Urban,N
300,LP001964,Male,Yes,0,Not Graduate,No,1800,2934,93,360,0,Urban,N
302,LP001974,Female,No,0,Graduate,No,5000,0,132,360,1,Rural,Y
303,LP001977,Male,Yes,1,Graduate,No,1625,1803,96,360,1,Urban,Y
304,LP001978,Male,No,0,Graduate,No,4000,2500,140,360,1,Rural,Y
306,LP001993,Female,No,0,Graduate,No,3762,1666,135,360,1,Rural,Y
307,LP001994,Female,No,0,Graduate,No,2400,1863,104,360,0,Urban,N
308,LP001996,Male,No,0,Graduate,No,20233,0,480,360,1,Rural,N
310,LP002002,Female,No,0,Graduate,No,2917,0,84,360,1,Semiurban,Y
311,LP002004,Male,No,0,Not Graduate,No,2927,2405,111,360,1,Semiurban,Y
312,LP002006,Female,No,0,Graduate,No,2507,0,56,360,1,Rural,Y
315,LP002031,Male,Yes,1,Not Graduate,No,3399,1640,111,180,1,Urban,Y
316,LP002035,Male,Yes,2,Graduate,No,3717,0,120,360,1,Semiurban,Y
319,LP002050,Male,Yes,1,Graduate,Yes,10000,0,155,360,1,Rural,N
320,LP002051,Male,Yes,0,Graduate,No,2400,2167,115,360,1,Semiurban,Y
321,LP002053,Male,Yes,3,Graduate,No,4342,189,124,360,1,Semiurban,Y
324,LP002065,Male,Yes,3,Graduate,No,15000,0,300,360,1,Rural,Y
325,LP002067,Male,Yes,1,Graduate,Yes,8666,4983,376,360,0,Rural,N
326,LP002068,Male,No,0,Graduate,No,4917,0,130,360,0,Rural,Y
327,LP002082,Male,Yes,0,Graduate,Yes,5818,2160,184,360,1,Semiurban,Y
328,LP002086,Female,Yes,0,Graduate,No,4333,2451,110,360,1,Urban,N
329,LP002087,Female,No,0,Graduate,No,2500,0,67,360,1,Urban,Y
330,LP002097,Male,No,1,Graduate,No,4384,1793,117,360,1,Urban,Y
331,LP002098,Male,No,0,Graduate,No,2935,0,98,360,1,Semiurban,Y
337,LP002112,Male,Yes,2,Graduate,Yes,2500,4600,176,360,1,Rural,Y
339,LP002114,Female,No,0,Graduate,No,4160,0,71,360,1,Semiurban,Y
340,LP002115,Male,Yes,3,Not Graduate,No,2647,1587,173,360,1,Rural,N
341,LP002116,Female,No,0,Graduate,No,2378,0,46,360,1,Rural,N
342,LP002119,Male,Yes,1,Not Graduate,No,4554,1229,158,360,1,Urban,Y
343,LP002126,Male,Yes,3,Not Graduate,No,3173,0,74,360,1,Semiurban,Y
345,LP002129,Male,Yes,0,Graduate,No,2499,2458,160,360,1,Semiurban,Y
347,LP002131,Male,Yes,2,Not Graduate,No,3083,2168,126,360,1,Urban,Y
349,LP002138,Male,Yes,0,Graduate,No,2625,6250,187,360,1,Rural,Y
350,LP002139,Male,Yes,0,Graduate,No,9083,0,228,360,1,Semiurban,Y
351,LP002140,Male,No,0,Graduate,No,8750,4167,308,360,1,Rural,N
352,LP002141,Male,Yes,3,Graduate,No,2666,2083,95,360,1,Rural,Y
353,LP002142,Female,Yes,0,Graduate,Yes,5500,0,105,360,0,Rural,N
354,LP002143,Female,Yes,0,Graduate,No,2423,505,130,360,1,Semiurban,Y
356,LP002149,Male,Yes,2,Graduate,No,8333,3167,165,360,1,Rural,Y
357,LP002151,Male,Yes,1,Graduate,No,3875,0,67,360,1,Urban,N
358,LP002158,Male,Yes,0,Not Graduate,No,3000,1666,100,480,0,Urban,N
359,LP002160,Male,Yes,3,Graduate,No,5167,3167,200,360,1,Semiurban,Y
360,LP002161,Female,No,1,Graduate,No,4723,0,81,360,1,Semiurban,N
361,LP002170,Male,Yes,2,Graduate,No,5000,3667,236,360,1,Semiurban,Y
362,LP002175,Male,Yes,0,Graduate,No,4750,2333,130,360,1,Urban,Y
364,LP002180,Male,No,0,Graduate,Yes,6822,0,141,360,1,Rural,Y
365,LP002181,Male,No,0,Not Graduate,No,6216,0,133,360,1,Rural,N
366,LP002187,Male,No,0,Graduate,No,2500,0,96,480,1,Semiurban,N
368,LP002190,Male,Yes,1,Graduate,No,6325,0,175,360,1,Semiurban,Y
369,LP002191,Male,Yes,0,Graduate,No,19730,5266,570,360,1,Rural,N
370,LP002194,Female,No,0,Graduate,Yes,15759,0,55,360,1,Semiurban,Y
371,LP002197,Male,Yes,2,Graduate,No,5185,0,155,360,1,Semiurban,Y
372,LP002201,Male,Yes,2,Graduate,Yes,9323,7873,380,300,1,Rural,Y
373,LP002205,Male,No,1,Graduate,No,3062,1987,111,180,0,Urban,N
375,LP002211,Male,Yes,0,Graduate,No,4817,923,120,180,1,Urban,Y
376,LP002219,Male,Yes,3,Graduate,No,8750,4996,130,360,1,Rural,Y
378,LP002224,Male,No,0,Graduate,No,3069,0,71,480,1,Urban,N
379,LP002225,Male,Yes,2,Graduate,No,5391,0,130,360,1,Urban,Y
381,LP002229,Male,No,0,Graduate,No,5941,4232,296,360,1,Semiurban,Y
382,LP002231,Female,No,0,Graduate,No,6000,0,156,360,1,Urban,Y
383,LP002234,Male,No,0,Graduate,Yes,7167,0,128,360,1,Urban,Y
384,LP002236,Male,Yes,2,Graduate,No,4566,0,100,360,1,Urban,N
386,LP002239,Male,No,0,Not Graduate,No,2346,1600,132,360,1,Semiurban,Y
388,LP002244,Male,Yes,0,Graduate,No,2333,2417,136,360,1,Urban,Y
389,LP002250,Male,Yes,0,Graduate,No,5488,0,125,360,1,Rural,Y
390,LP002255,Male,No,3,Graduate,No,9167,0,185,360,1,Rural,Y
391,LP002262,Male,Yes,3,Graduate,No,9504,0,275,360,1,Rural,Y
393,LP002265,Male,Yes,2,Not Graduate,No,1993,1625,113,180,1,Semiurban,Y
394,LP002266,Male,Yes,2,Graduate,No,3100,1400,113,360,1,Urban,Y
396,LP002277,Female,No,0,Graduate,No,3180,0,71,360,0,Urban,N
397,LP002281,Male,Yes,0,Graduate,No,3033,1459,95,360,1,Urban,Y
398,LP002284,Male,No,0,Not Graduate,No,3902,1666,109,360,1,Rural,Y
399,LP002287,Female,No,0,Graduate,No,1500,1800,103,360,0,Semiurban,N
400,LP002288,Male,Yes,2,Not Graduate,No,2889,0,45,180,0,Urban,N
401,LP002296,Male,No,0,Not Graduate,No,2755,0,65,300,1,Rural,N
402,LP002297,Male,No,0,Graduate,No,2500,20000,103,360,1,Semiurban,Y
403,LP002300,Female,No,0,Not Graduate,No,1963,0,53,360,1,Semiurban,Y
404,LP002301,Female,No,0,Graduate,Yes,7441,0,194,360,1,Rural,N
405,LP002305,Female,No,0,Graduate,No,4547,0,115,360,1,Semiurban,Y
406,LP002308,Male,Yes,0,Not Graduate,No,2167,2400,115,360,1,Urban,Y
407,LP002314,Female,No,0,Not Graduate,No,2213,0,66,360,1,Rural,Y
408,LP002315,Male,Yes,1,Graduate,No,8300,0,152,300,0,Semiurban,N
409,LP002317,Male,Yes,3,Graduate,No,81000,0,360,360,0,Rural,N
410,LP002318,Female,No,1,Not Graduate,Yes,3867,0,62,360,1,Semiurban,N
412,LP002328,Male,Yes,0,Not Graduate,No,6096,0,218,360,0,Rural,N
413,LP002332,Male,Yes,0,Not Graduate,No,2253,2033,110,360,1,Rural,Y
414,LP002335,Female,Yes,0,Not Graduate,No,2149,3237,178,360,0,Semiurban,N
415,LP002337,Female,No,0,Graduate,No,2995,0,60,360,1,Urban,Y
416,LP002341,Female,No,1,Graduate,No,2600,0,160,360,1,Urban,N
417,LP002342,Male,Yes,2,Graduate,Yes,1600,20000,239,360,1,Urban,N
418,LP002345,Male,Yes,0,Graduate,No,1025,2773,112,360,1,Rural,Y
419,LP002347,Male,Yes,0,Graduate,No,3246,1417,138,360,1,Semiurban,Y
420,LP002348,Male,Yes,0,Graduate,No,5829,0,138,360,1,Rural,Y
422,LP002361,Male,Yes,0,Graduate,No,1820,1719,100,360,1,Urban,Y
424,LP002364,Male,Yes,0,Graduate,No,14880,0,96,360,1,Semiurban,Y
425,LP002366,Male,Yes,0,Graduate,No,2666,4300,121,360,1,Rural,Y
426,LP002367,Female,No,1,Not Graduate,No,4606,0,81,360,1,Rural,N
427,LP002368,Male,Yes,2,Graduate,No,5935,0,133,360,1,Semiurban,Y
428,LP002369,Male,Yes,0,Graduate,No,2920,16.12000084,87,360,1,Rural,Y
429,LP002370,Male,No,0,Not Graduate,No,2717,0,60,180,1,Urban,Y
430,LP002377,Female,No,1,Graduate,Yes,8624,0,150,360,1,Semiurban,Y
431,LP002379,Male,No,0,Graduate,No,6500,0,105,360,0,Rural,N
433,LP002387,Male,Yes,0,Graduate,No,2425,2340,143,360,1,Semiurban,Y
434,LP002390,Male,No,0,Graduate,No,3750,0,100,360,1,Urban,Y
436,LP002398,Male,No,0,Graduate,No,1926,1851,50,360,1,Semiurban,Y
438,LP002403,Male,No,0,Graduate,Yes,10416,0,187,360,0,Urban,N
439,LP002407,Female,Yes,0,Not Graduate,Yes,7142,0,138,360,1,Rural,Y
440,LP002408,Male,No,0,Graduate,No,3660,5064,187,360,1,Semiurban,Y
441,LP002409,Male,Yes,0,Graduate,No,7901,1833,180,360,1,Rural,Y
442,LP002418,Male,No,3,Not Graduate,No,4707,1993,148,360,1,Semiurban,Y
443,LP002422,Male,No,1,Graduate,No,37719,0,152,360,1,Semiurban,Y
445,LP002429,Male,Yes,1,Graduate,Yes,3466,1210,130,360,1,Rural,Y
446,LP002434,Male,Yes,2,Not Graduate,No,4652,0,110,360,1,Rural,Y
448,LP002443,Male,Yes,2,Graduate,No,3340,1710,150,360,0,Rural,N
450,LP002446,Male,Yes,2,Not Graduate,No,2309,1255,125,360,0,Rural,N
452,LP002448,Male,Yes,0,Graduate,No,3948,1733,149,360,0,Rural,N
453,LP002449,Male,Yes,0,Graduate,No,2483,2466,90,180,0,Rural,Y
454,LP002453,Male,No,0,Graduate,Yes,7085,0,84,360,1,Semiurban,Y
455,LP002455,Male,Yes,2,Graduate,No,3859,0,96,360,1,Semiurban,Y
456,LP002459,Male,Yes,0,Graduate,No,4301,0,118,360,1,Urban,Y
457,LP002467,Male,Yes,0,Graduate,No,3708,2569,173,360,1,Urban,N
458,LP002472,Male,No,2,Graduate,No,4354,0,136,360,1,Rural,Y
459,LP002473,Male,Yes,0,Graduate,No,8334,0,160,360,1,Semiurban,N
461,LP002484,Male,Yes,3,Graduate,No,7740,0,128,180,1,Urban,Y
462,LP002487,Male,Yes,0,Graduate,No,3015,2188,153,360,1,Rural,Y
464,LP002493,Male,No,0,Graduate,No,4166,0,98,360,0,Semiurban,N
465,LP002494,Male,No,0,Graduate,No,6000,0,140,360,1,Rural,Y
466,LP002500,Male,Yes,3,Not Graduate,No,2947,1664,70,180,0,Urban,N
469,LP002505,Male,Yes,0,Graduate,No,4333,2451,110,360,1,Urban,N
470,LP002515,Male,Yes,1,Graduate,Yes,3450,2079,162,360,1,Semiurban,Y
471,LP002517,Male,Yes,1,Not Graduate,No,2653,1500,113,180,0,Rural,N
472,LP002519,Male,Yes,3,Graduate,No,4691,0,100,360,1,Semiurban,Y
474,LP002524,Male,No,2,Graduate,No,5532,4648,162,360,1,Rural,Y
475,LP002527,Male,Yes,2,Graduate,Yes,16525,1014,150,360,1,Rural,Y
476,LP002529,Male,Yes,2,Graduate,No,6700,1750,230,300,1,Semiurban,Y
478,LP002531,Male,Yes,1,Graduate,Yes,16667,2250,86,360,1,Semiurban,Y
480,LP002534,Female,No,0,Not Graduate,No,4350,0,154,360,1,Rural,Y
481,LP002536,Male,Yes,3,Not Graduate,No,3095,0,113,360,1,Rural,Y
482,LP002537,Male,Yes,0,Graduate,No,2083,3150,128,360,1,Semiurban,Y
483,LP002541,Male,Yes,0,Graduate,No,10833,0,234,360,1,Semiurban,Y
484,LP002543,Male,Yes,2,Graduate,No,8333,0,246,360,1,Semiurban,Y
485,LP002544,Male,Yes,1,Not Graduate,No,1958,2436,131,360,1,Rural,Y
486,LP002545,Male,No,2,Graduate,No,3547,0,80,360,0,Rural,N
487,LP002547,Male,Yes,1,Graduate,No,18333,0,500,360,1,Urban,N
488,LP002555,Male,Yes,2,Graduate,Yes,4583,2083,160,360,1,Semiurban,Y
489,LP002556,Male,No,0,Graduate,No,2435,0,75,360,1,Urban,N
492,LP002571,Male,No,0,Not Graduate,No,3691,0,110,360,1,Rural,Y
493,LP002582,Female,No,0,Not Graduate,Yes,17263,0,225,360,1,Semiurban,Y
494,LP002585,Male,Yes,0,Graduate,No,3597,2157,119,360,0,Rural,N
495,LP002586,Female,Yes,1,Graduate,No,3326,913,105,84,1,Semiurban,Y
496,LP002587,Male,Yes,0,Not Graduate,No,2600,1700,107,360,1,Rural,Y
498,LP002600,Male,Yes,1,Graduate,Yes,2895,0,95,360,1,Semiurban,Y
499,LP002602,Male,No,0,Graduate,No,6283,4416,209,360,0,Rural,N
500,LP002603,Female,No,0,Graduate,No,645,3683,113,480,1,Rural,Y
501,LP002606,Female,No,0,Graduate,No,3159,0,100,360,1,Semiurban,Y
502,LP002615,Male,Yes,2,Graduate,No,4865,5624,208,360,1,Semiurban,Y
504,LP002619,Male,Yes,0,Not Graduate,No,3814,1483,124,300,1,Semiurban,Y
505,LP002622,Male,Yes,2,Graduate,No,3510,4416,243,360,1,Rural,Y
508,LP002626,Male,Yes,0,Graduate,Yes,2479,3013,188,360,1,Urban,Y
509,LP002634,Female,No,1,Graduate,No,13262,0,40,360,1,Urban,Y
510,LP002637,Male,No,0,Not Graduate,No,3598,1287,100,360,1,Rural,N
511,LP002640,Male,Yes,1,Graduate,No,6065,2004,250,360,1,Semiurban,Y
512,LP002643,Male,Yes,2,Graduate,No,3283,2035,148,360,1,Urban,Y
513,LP002648,Male,Yes,0,Graduate,No,2130,6666,70,180,1,Semiurban,N
514,LP002652,Male,No,0,Graduate,No,5815,3666,311,360,1,Rural,N
515,LP002659,Male,Yes,3,Graduate,No,3466,3428,150,360,1,Rural,Y
516,LP002670,Female,Yes,2,Graduate,No,2031,1632,113,480,1,Semiurban,Y
518,LP002683,Male,No,0,Graduate,No,4683,1915,185,360,1,Semiurban,N
519,LP002684,Female,No,0,Not Graduate,No,3400,0,95,360,1,Rural,N
520,LP002689,Male,Yes,2,Not Graduate,No,2192,1742,45,360,1,Semiurban,Y
521,LP002690,Male,No,0,Graduate,No,2500,0,55,360,1,Semiurban,Y
522,LP002692,Male,Yes,3,Graduate,Yes,5677,1424,100,360,1,Rural,Y
523,LP002693,Male,Yes,2,Graduate,Yes,7948,7166,480,360,1,Rural,Y
525,LP002699,Male,Yes,2,Graduate,Yes,17500,0,400,360,1,Rural,Y
526,LP002705,Male,Yes,0,Graduate,No,3775,0,110,360,1,Semiurban,Y
527,LP002706,Male,Yes,1,Not Graduate,No,5285,1430,161,360,0,Semiurban,Y
528,LP002714,Male,No,1,Not Graduate,No,2679,1302,94,360,1,Semiurban,Y
529,LP002716,Male,No,0,Not Graduate,No,6783,0,130,360,1,Semiurban,Y
531,LP002720,Male,Yes,3,Graduate,No,4281,0,100,360,1,Urban,Y
532,LP002723,Male,No,2,Graduate,No,3588,0,110,360,0,Rural,N
534,LP002731,Female,No,0,Not Graduate,Yes,18165,0,125,360,1,Urban,Y
536,LP002734,Male,Yes,0,Graduate,No,6133,3906,324,360,1,Urban,Y
537,LP002738,Male,No,2,Graduate,No,3617,0,107,360,1,Semiurban,Y
538,LP002739,Male,Yes,0,Not Graduate,No,2917,536,66,360,1,Rural,N
539,LP002740,Male,Yes,3,Graduate,No,6417,0,157,180,1,Rural,Y
540,LP002741,Female,Yes,1,Graduate,No,4608,2845,140,180,1,Semiurban,Y
541,LP002743,Female,No,0,Graduate,No,2138,0,99,360,0,Semiurban,N
543,LP002755,Male,Yes,1,Not Graduate,No,2239,2524,128,360,1,Urban,Y
545,LP002767,Male,Yes,0,Graduate,No,2768,1950,155,360,1,Rural,Y
546,LP002768,Male,No,0,Not Graduate,No,3358,0,80,36,1,Semiurban,N
547,LP002772,Male,No,0,Graduate,No,2526,1783,145,360,1,Rural,Y
548,LP002776,Female,No,0,Graduate,No,5000,0,103,360,0,Semiurban,N
549,LP002777,Male,Yes,0,Graduate,No,2785,2016,110,360,1,Rural,Y
552,LP002785,Male,Yes,1,Graduate,No,3333,3250,158,360,1,Urban,Y
553,LP002788,Male,Yes,0,Not Graduate,No,2454,2333,181,360,0,Urban,N
554,LP002789,Male,Yes,0,Graduate,No,3593,4266,132,180,0,Rural,N
555,LP002792,Male,Yes,1,Graduate,No,5468,1032,26,360,1,Semiurban,Y
557,LP002795,Male,Yes,3,Graduate,Yes,10139,0,260,360,1,Semiurban,Y
558,LP002798,Male,Yes,0,Graduate,No,3887,2669,162,360,1,Semiurban,Y
559,LP002804,Female,Yes,0,Graduate,No,4180,2306,182,360,1,Semiurban,Y
560,LP002807,Male,Yes,2,Not Graduate,No,3675,242,108,360,1,Semiurban,Y
561,LP002813,Female,Yes,1,Graduate,Yes,19484,0,600,360,1,Semiurban,Y
562,LP002820,Male,Yes,0,Graduate,No,5923,2054,211,360,1,Rural,Y
563,LP002821,Male,No,0,Not Graduate,Yes,5800,0,132,360,1,Semiurban,Y
564,LP002832,Male,Yes,2,Graduate,No,8799,0,258,360,0,Urban,N
566,LP002836,Male,No,0,Graduate,No,3333,0,70,360,1,Urban,Y
567,LP002837,Male,Yes,3,Graduate,No,3400,2500,123,360,0,Rural,N
568,LP002840,Female,No,0,Graduate,No,2378,0,9,360,1,Urban,N
569,LP002841,Male,Yes,0,Graduate,No,3166,2064,104,360,0,Urban,N
570,LP002842,Male,Yes,1,Graduate,No,3417,1750,186,360,1,Urban,Y
572,LP002855,Male,Yes,2,Graduate,No,16666,0,275,360,1,Urban,Y
573,LP002862,Male,Yes,2,Not Graduate,No,6125,1625,187,480,1,Semiurban,N
574,LP002863,Male,Yes,3,Graduate,No,6406,0,150,360,1,Semiurban,N
575,LP002868,Male,Yes,2,Graduate,No,3159,461,108,84,1,Urban,Y
577,LP002874,Male,No,0,Graduate,No,3229,2739,110,360,1,Urban,Y
578,LP002877,Male,Yes,1,Graduate,No,1782,2232,107,360,1,Rural,Y
580,LP002892,Male,Yes,2,Graduate,No,6540,0,205,360,1,Semiurban,Y
581,LP002893,Male,No,0,Graduate,No,1836,33837,90,360,1,Urban,N
582,LP002894,Female,Yes,0,Graduate,No,3166,0,36,360,1,Semiurban,Y
584,LP002911,Male,Yes,1,Graduate,No,2787,1917,146,360,0,Rural,N
585,LP002912,Male,Yes,1,Graduate,No,4283,3000,172,84,1,Rural,N
586,LP002916,Male,Yes,0,Graduate,No,2297,1522,104,360,1,Urban,Y
587,LP002917,Female,No,0,Not Graduate,No,2165,0,70,360,1,Semiurban,Y
589,LP002926,Male,Yes,2,Graduate,Yes,2726,0,106,360,0,Semiurban,N
590,LP002928,Male,Yes,0,Graduate,No,3000,3416,56,180,1,Semiurban,Y
591,LP002931,Male,Yes,2,Graduate,Yes,6000,0,205,240,1,Semiurban,N
593,LP002936,Male,Yes,0,Graduate,No,3859,3300,142,180,1,Rural,Y
594,LP002938,Male,Yes,0,Graduate,Yes,16120,0,260,360,1,Urban,Y
595,LP002940,Male,No,0,Not Graduate,No,3833,0,110,360,1,Rural,Y
596,LP002941,Male,Yes,2,Not Graduate,Yes,6383,1000,187,360,1,Rural,N
598,LP002945,Male,Yes,0,Graduate,Yes,9963,0,180,360,1,Rural,N
599,LP002948,Male,Yes,2,Graduate,No,5780,0,192,360,1,Urban,N
602,LP002953,Male,Yes,3,Graduate,No,5703,0,128,360,1,Urban,N
603,LP002958,Male,No,0,Graduate,No,3676,4301,172,360,1,Rural,N
604,LP002959,Female,Yes,1,Graduate,No,12000,0,496,360,1,Semiurban,N
606,LP002961,Male,Yes,1,Graduate,No,3400,2500,173,360,1,Semiurban,N
607,LP002964,Male,Yes,2,Not Graduate,No,3987,1411,157,360,1,Rural,N
608,LP002974,Male,Yes,0,Graduate,No,3232,1950,108,360,1,Rural,N
609,LP002978,Female,No,0,Graduate,No,2900,0,71,360,1,Rural,N
610,LP002979,Male,Yes,3,Graduate,No,4106,0,40,180,1,Rural,N
611,LP002983,Male,Yes,1,Graduate,No,8072,240,253,360,1,Urban,Y
612,LP002984,Male,Yes,2,Graduate,No,7583,0,187,360,1,Urban,Y
613,LP002990,Female,No,0,Graduate,Yes,4583,0,133,360,0,Semiurban,N
584,LP00295111,Male,Yes,1,Graduate,No,2787,1917,146,360,0,Rural,N
585,LP0025920,Male,Yes,1,Graduate,No,4283,3000,172,84,1,Rural,N
586,LP00291601,Male,Yes,0,Graduate,No,2297,1522,104,360,1,Urban,Y
587,LP0029170,Female,No,0,Not Graduate,No,2165,0,70,360,1,Semiurban,Y
589,LP0029108,Male,Yes,2,Graduate,Yes,2726,0,106,360,0,Semiurban,N
590,LP0029191,Male,Yes,0,Graduate,No,3000,3416,56,180,1,Semiurban,N
591,LP0029201,Male,Yes,2,Graduate,Yes,6000,0,205,240,1,Semiurban,N
593,LP0029211,Male,Yes,0,Graduate,No,3859,3300,142,180,1,Rural,N
594,LP0029227,Male,Yes,0,Graduate,Yes,16120,0,260,360,1,Urban,N
595,LP0029232,Male,No,0,Not Graduate,No,3833,0,110,360,1,Rural,N
596,LP0029241,Male,Yes,2,Not Graduate,Yes,6383,1000,187,360,1,Rural,N
598,LP0029258,Male,Yes,0,Graduate,Yes,9963,0,180,360,1,Rural,N
599,LP002926,Male,Yes,2,Graduate,No,5780,0,192,360,1,Urban,N
602,LP002927,Male,Yes,3,Graduate,No,5703,0,128,360,1,Urban,N
603,LP002928,Male,No,0,Graduate,No,3676,4301,172,360,1,Rural,N
604,LP002929,Female,Yes,1,Graduate,No,12000,0,496,360,1,Semiurban,Y
606,LP002930,Male,Yes,1,Graduate,No,3400,2500,173,360,1,Semiurban,Y
607,LP002931,Male,Yes,2,Not Graduate,No,3987,1411,157,360,1,Rural,Y
608,LP002932,Male,Yes,0,Graduate,No,3232,1950,108,360,1,Rural,Y
609,LP002933,Female,No,0,Graduate,No,2900,0,71,360,1,Rural,Y
610,LP002934,Male,Yes,3,Graduate,No,4106,0,40,180,1,Rural,Y
611,LP002935,Male,Yes,1,Graduate,No,8072,240,253,360,1,Urban,Y
612,LP002936,Male,Yes,2,Graduate,No,7583,0,187,360,1,Urban,Y
613,LP002937,Female,No,0,Graduate,Yes,4583,0,133,360,0,Semiurban,N
